<?xml version="1.0" encoding="UTF-8" standalone="yes"?>
<addon id="repository.newdiamond" name="New DiamondInfo_Mod Repo" version="2.1" provider-name="fryhenryj">
    <extension point="xbmc.addon.repository" name="newdiamondinfo_mod">
        <dir>
            <info compressed="false">https://raw.githubusercontent.com/henryjfry/repository.thenewdiamond/main/zips/addons.xml</info>
            <checksum>https://raw.githubusercontent.com/henryjfry/repository.thenewdiamond/main/zips/addons.xml.md5</checksum>
            <datadir zip="true">https://raw.githubusercontent.com/henryjfry/repository.thenewdiamond/main/zips/</datadir>
        </dir>
    </extension>
    <extension point="xbmc.addon.metadata">
        <summary>New DiamondInfo_Mod Repo</summary>
        <description>New DiamondInfo_Mod Repo</description>
        <disclaimer></disclaimer>
        <platform>all</platform>
        <assets>
            <icon>icon.png</icon>
            <fanart>fanart.jpg</fanart>
        </assets>
    </extension>
</addon>
