<?xml version="1.0" encoding="utf-8"?>
<window>
	<defaultcontrol always="true">500</defaultcontrol>
	<controls>
				<control type="image">
			<texture background="true" fallback="common/black.png" colordiffuse="FFAAAAAA">$INFO[ListItem.Thumb]</texture>
			<width>1920</width>
			<height>1080</height>
			<fadetime>400</fadetime>
			<animation effect="fade" end="100" time="560">WindowOpen</animation>
			<animation effect="fade" start="100" end="0" time="200">WindowClose</animation>
			<animation effect="fade" start="0" end="100" time="200">VisibleChange</animation>
			<visible>!String.IsEqual(Window.Property(type),channel)</visible>
		</control>
		<control type="image">
			<texture background="true" fallback="common/black.png" colordiffuse="FFAAAAAA">$INFO[ListItem.Art(fanart)]</texture>
			<width>1920</width>
			<height>1080</height>
			<fadetime>400</fadetime>
			<animation effect="fade" end="100" time="560">WindowOpen</animation>
			<animation effect="fade" start="100" end="0" time="200">WindowClose</animation>
			<animation effect="fade" start="0" end="100" time="200">VisibleChange</animation>
			<visible>String.IsEqual(Window.Property(type),channel)</visible>
		</control>
		<control type="image">
			<texture colordiffuse="FF12B2E7">diffuseoverlay.jpg</texture>
			<animation effect="fade" start="100" end="85" time="0" condition="true">Conditional</animation>
			<width>1920</width>
			<height>1080</height>
			<animation effect="fade" end="100" time="360">WindowOpen</animation>
			<animation effect="fade" start="100" end="0" time="250">WindowClose</animation>
		</control>
		
		<control type="group">

			<animation type="WindowOpen" reversible="false">
				<effect type="zoom" start="80" end="100" center="960,540" delay="500" tween="back" time="240" />
				<effect type="fade" delay="500" end="100" time="240" />
			</animation>
			<animation type="WindowClose" reversible="false">
				<effect type="zoom" start="100" end="80" center="960,540" easing="in" tween="back" time="240" />
				<effect type="fade" start="100" end="0" time="240" />
			</animation>

			<control type="group">
				<visible>Integer.IsGreater(Container(500).NumItems,0)</visible>
				<animation effect="fade" time="320" delay="300">Visible</animation>
				<control type="image">
					<left>75</left>
					<top>165</top>
					<width>440</width>
					<height>380</height>
					<visible>Control.HasFocus(500)</visible>
					<animation effect="fade" time="320" delay="200">Visible</animation>
					<animation effect="fade" time="200">Hidden</animation>
					<texture colordiffuse="FF12B2E7" border="40">buttons/button-fo.png</texture>
					<animation effect="slide" end="0,410" time="300" tween="cubic" easing="inout" condition="Container(500).Row(1)">Conditional</animation>
					<animation effect="slide" end="440,0" time="300" tween="cubic" easing="inout" condition="Integer.IsGreater(Container(500).Column,2)">Conditional</animation>
					<animation effect="slide" end="440,0" time="300" tween="cubic" easing="inout" condition="Integer.IsGreater(Container(500).Column,1)">Conditional</animation>
					<animation effect="slide" end="440,0" time="300" tween="cubic" easing="inout" condition="Integer.IsGreater(Container(500).Column,0)">Conditional</animation>
				</control>
			</control>
			
			<!---control type="image">
				<texture>tmdb/moviedb.png</texture>
				<posx>46</posx>
				<posy>150</posy>
				<width>380</width>
				<height>200</height>
				<aspectratio align="left">keep</aspectratio>
				<animation type="WindowOpen" reversible="false">
					<effect type="slide" start="0,-1000" end="0,0" delay="0" tween="sine" time="1000" />
					<effect type="fade" start="0" end="100" delay="0" tween="sine" time="2000" />
					<effect type="rotatex" start="0" end="75" delay="3000" center="290,0" tween="sine" time="750" />
					<effect type="fade" start="100" end="0" delay="3750" time="0" />
				</animation>
			</control>
			<control type="image">
				<texture>$INFO[Container(500).ListItem.Property(Fanart_small)]</texture>
				<posx>40</posx>
				<posy>125</posy>
				<width>396</width>
				<fadetime>200</fadetime>
				<height>255</height>
				<aspectratio>scale</aspectratio>
				<animation type="WindowOpen" reversible="false">
					<effect type="rotatex" start="75" end="0" delay="3750" center="290,0" tween="sine" time="750" />
					<effect type="fade" start="0" end="100" delay="3750" time="0" />
				</animation>
			</control>
			<control type="group">
				<posy>140</posy>
				<animation type="WindowOpen" reversible="false">
					<effect type="slide" start="0,1000" end="0,0" delay="0" tween="sine" time="1000" />
					<effect type="fade" start="0" end="100" delay="0" tween="sine" time="1500" />
				</animation>
				<control type="textbox">
					<posx>40</posx>
					<posy>270</posy>
					<width>395</width>
					<height>300</height>
					<label>[B]$INFO[Container(500).ListItem.Year][/B]</label>
					<font>font12</font>
					<textcolor>FF999999</textcolor>
				</control>
				<control type="image">
					<posx>40</posx>
					<posy>320</posy>
					<width>135</width>
					<height>26</height>
					<animation effect="fade" start="100" end="60" time="0" condition="String.IsEmpty(Container(500).ListItem.Rating)">Conditional</animation>
					<texture fallback="flags/stars/0.0.png">$INFO[Container(500).ListItem.Rating,flags/stars/,.png]</texture>
				</control>
				<control type="textbox">
					<posx>40</posx>
					<posy>360</posy>
					<width>395</width>
					<height>300</height>
					<label>[B]$INFO[Container(500).ListItem.Genre][/B]</label>
					<font>font12</font>
					<textcolor>FF999999</textcolor>
				</control>
				<control type="textbox">
					<posx>40</posx>
					<posy>450</posy>
					<width>395</width>
					<height>500</height>
					<align>justify</align>
					<label fallback="416">$INFO[Container(500).ListItem.Plot,,[CR][CR]  ]</label>
					<autoscroll delay="10000" time="1600" repeat="10000">true</autoscroll>
					<font>font12</font>
					<textcolor>FFFFFFFF</textcolor>
				</control>
				<control type="image">
					<posx>1320</posx>
					<posy>40</posy>
					<width>580</width>
					<height>870</height>
					<fadetime>200</fadetime>
					<bordertexture border="3">common/black.png</bordertexture>
					<bordersize>3</bordersize>
					<texture>$INFO[Container(500).ListItem.Thumb]</texture>
					<visible>!String.IsEmpty(Window.Property(alt_layout))</visible>
				</control>
			</control--->

			<control type="panel" id="500">
				<left>0</left>
				<top>0</top>
				<animation effect="zoom" end="83" center="2100,100" time="300" tween="cubic" easing="inout" condition="ControlGroup(9000).HasFocus | Control.HasFocus(6001) | Control.HasFocus(7000)">Conditional</animation>
				<width>1920</width>
				<height>1229</height>
				<viewtype label="31234">icon</viewtype>
				<pagecontrol>72</pagecontrol>
				<preloaditems>2</preloaditems>
				<scrolltime tween="cubic" easing="out">500</scrolltime>
				<onleft>9000</onleft>
				<onright>72</onright>
				<onup>700</onup>
				<ondown>600</ondown>
				<orientation>vertical</orientation>
				<itemlayout height="410" width="440">
					<control type="group">
						<left>75</left>
						<top>190</top>
						<control type="image">
							<left>25</left>
							<width>390</width>
							<height>220</height>
							<fadetime>200</fadetime>
							<aspectratio aligny="center">scale</aspectratio>
							<texture>$INFO[ListItem.Art(thumb)]</texture>
							<bordertexture border="5">thumbs/bordershadow4.png</bordertexture>
							<bordersize>5</bordersize>
						</control>
						<control type="image">
							<left>25</left>
							<width>390</width>
							<height>220</height>
							<texture colordiffuse="55FFFFFF">common/bgcolor.png</texture>
						</control>
						<control type="label">
							<left>35</left>
							<top>-25</top>
							<width>380</width>
							<height>5</height>
							<align>left</align>
							<aligny>center</aligny>
							<label>$INFO[ListItem.Property(duration)]$INFO[ListItem.Property(itemcount),, $LOCALIZE[36913]]</label>
							<font>font10</font>
							<textcolor>AAFFFFFF</textcolor>
						</control>
						<control type="image">
							<left>280</left>
							<top>218</top>
							<width>130</width>
							<height>30</height>
							<texture colordiffuse="AAFFFFFF">$INFO[ListItem.Rating,flags/stars/,.png]</texture>
							<animation effect="fade" delay="800" time="400">WindowOpen</animation>
							<animation effect="fade" time="160">WindowClose</animation>
							<animation effect="fade" time="240">VisibleChange</animation>
						</control>
						<control type="label">
							<left>30</left>
							<top>218</top>
							<width>380</width>
							<height>30</height>
							<align>left</align>
							<aligny>center</aligny>
							<label>$INFO[ListItem.Property(viewcount),, views]</label>
							<font>font10</font>
							<textcolor>FFBBBBBB</textcolor>
						</control>
						<control type="textbox">
							<left>30</left>
							<top>250</top>
							<height>66</height>
							<width>380</width>
							<label>$INFO[ListItem.Label]</label>
							<align>center</align>
							<font>font12</font>
							<textcolor>FFFAFAFA</textcolor>
						</control>
						<control type="label">
							<left>30</left>
							<top>-25</top>
							<width>380</width>
							<height>5</height>
							<align>right</align>
							<aligny>center</aligny>
							<label>$INFO[ListItem.Premiered]</label>
							<font>font10</font>
							<textcolor>FFBBBBBB</textcolor>
						</control>
					</control>
				</itemlayout>
				<focusedlayout height="410" width="440">
					<control type="group">
						<left>75</left>
						<top>190</top>
						<animation type="Focus">
							<effect type="zoom" time="150" start="95" end="100" center="245,260" />
							<effect type="zoom" time="150" start="105" end="100" delay="150" center="245,260" />
						</animation>
						<control type="image">
							<left>25</left>
							<width>390</width>
							<height>220</height>
							<aspectratio aligny="center">scale</aspectratio>
							<texture>$INFO[ListItem.Art(thumb)]</texture>
							<bordertexture border="5">thumbs/bordershadow4.png</bordertexture>
							<bordersize>5</bordersize>
						</control>
						<control type="image">
							<animation effect="fade" time="300" start="100" end="0" delay="100">Focus</animation>
							<animation effect="fade" time="300" start="0" end="100">UnFocus</animation>
							<left>25</left>
							<width>390</width>
							<height>220</height>
							<texture colordiffuse="55FFFFFF">common/bgcolor.png</texture>
						</control>
						<control type="label">
							<left>35</left>
							<top>-25</top>
							<width>380</width>
							<height>5</height>
							<align>left</align>
							<aligny>center</aligny>
							<label>$INFO[ListItem.Property(duration)]$INFO[ListItem.Property(itemcount),, $LOCALIZE[36913]]</label>
							<font>font10</font>
							<textcolor>AAFFFFFF</textcolor>
						</control>
						<control type="image">
							<left>280</left>
							<top>218</top>
							<width>130</width>
							<height>30</height>
							<texture colordiffuse="AAFFFFFF">$INFO[ListItem.Rating,flags/stars/,.png]</texture>
							<animation effect="fade" delay="800" time="400">WindowOpen</animation>
							<animation effect="fade" time="160">WindowClose</animation>
							<animation effect="fade" time="240">VisibleChange</animation>
						</control>
						<control type="label">
							<left>30</left>
							<top>218</top>
							<width>380</width>
							<height>30</height>
							<align>left</align>
							<aligny>center</aligny>
							<label>$INFO[ListItem.Property(viewcount),, views]</label>
							<font>font10</font>
							<textcolor>FFBBBBBB</textcolor>
						</control>
						<control type="textbox">
							<left>30</left>
							<top>250</top>
							<height>66</height>
							<width>380</width>
							<align>center</align>
							<label>$INFO[ListItem.Label]</label>
							<font>font12</font>
							<textcolor>FFFAFAFA</textcolor>
						</control>
						<control type="label">
							<left>30</left>
							<top>-25</top>
							<width>380</width>
							<height>5</height>
							<align>right</align>
							<aligny>center</aligny>
							<label>$INFO[ListItem.Premiered]</label>
							<font>font10</font>
							<textcolor>FFBBBBBB</textcolor>
						</control>
					</control>
				</focusedlayout>
			</control>

			<control type="button" id="600">
				<onfocus>SetFocus(500)</onfocus>
				<width>1</width>
				<height>1</height>
				<posx>-1000</posx>
			</control>
			<control type="button" id="700">
				<onfocus>SetFocus(500)</onfocus>
				<width>1</width>
				<height>1</height>
				<posx>-1000</posx>
			</control>
		</control>
		<control type="group">
			<posy>0</posy>
			<animation type="WindowOpen" reversible="false">
				<effect type="zoom" start="80" end="100" center="960,540" delay="500" tween="back" time="240" />
			</animation>
			<control type="image">
				<texture flipy="true">common/fade.png</texture>
				<posx>0</posx>
				<posy>0</posy>
				<width>1920</width>
				<height>100</height>
				<animation effect="fade" end="100" time="360">WindowOpen</animation>
			</control>
			<control type="image">
				<texture>common/fade.png</texture>
				<posx>0</posx>
				<posy>980</posy>
				<width>1920</width>
				<height>100</height>
				<animation effect="fade" end="100" time="360">WindowOpen</animation>
			</control>
			<control type="group">
				<animation effect="slide" start="0" end="-290" time="250" condition="!String.IsEmpty(Window.Property(alt_layout))">Conditional</animation>
				<control type="image">
					<texture>common/arrowdown.png</texture>
					<posx>1090</posx>
					<animation effect="fade" time="250">VisibleChange</animation>
					<posy>1040</posy>
					<width>120</width>
					<height>30</height>
					<animation effect="fade" end="100" time="360">WindowOpen</animation>
					<visible>!String.IsEmpty(Window.Property(ArrowDown)) | Container(500).HasNext</visible>
				</control>
				<control type="image">
					<texture flipy="true">common/arrowdown.png</texture>
					<posx>1090</posx>
					<animation effect="fade" time="250">VisibleChange</animation>
					<posy>10</posy>
					<width>120</width>
					<height>30</height>
					<animation effect="fade" end="100" time="360">WindowOpen</animation>
					<visible>!String.IsEmpty(Window.Property(ArrowUp)) | Container(500).HasPrevious</visible>
				</control>

			<control type="button" id="6667">
      <texturefocus colordiffuse="FFFFAAFF">myfocustexture.png</texturefocus>
      <texturenofocus colordiffuse="FFFFAAFF">mynormaltexture.png</texturenofocus>
				<onclick>SetFocus(600)</onclick>
				<posx>1090</posx>
				<posy>1040</posy>
				<width>120</width>
				<height>55</height>
				<aspectratio>scale</aspectratio>
			</control>

			<control type="button" id="6668">
      <texturefocus colordiffuse="FFFFAAFF">myfocustexture.png</texturefocus>
      <texturenofocus colordiffuse="FFFFAAFF">mynormaltexture.png</texturenofocus>
				<onclick>SetFocus(700)</onclick>
				<posx>1090</posx>
				<posy>0</posy>
				<width>120</width>
				<height>55</height>
				<aspectratio>scale</aspectratio>
			</control>

			</control>
			<control type="group">
				<animation type="WindowOpen" reversible="false">
					<effect type="slide" start="-200" end="0" delay="500" tween="sine" time="500" />
					<effect type="slide" start="0" end="-200" delay="5000" tween="sine" time="500" />
				</animation>
				<control type="image">
					<texture flipx="true">common/arrowright.png</texture>
					<posx>20</posx>
					<posy>1050</posy>
					<width>25</width>
					<height>25</height>
				</control>
				<control type="label">
					<posx>60</posx>
					<posy>1045</posy>
					<height>30</height>
					<aligny>center</aligny>
					<width>1920</width>
					<align>left</align>
					<font>font10</font>
					<label>Filters</label>
				</control>
			</control>
			<control type="group">
				<animation type="WindowOpen" reversible="false">
					<effect type="slide" start="0,-200" end="0,0" tween="sine" time="500" />
				</animation>
				<control type="label">
					<posx>1900</posx>
					<posy>0</posy>
					<height>40</height>
					<aligny>center</aligny>
					<width>1920</width>
					<align>right</align>
					<textcolor>FFFFFFFF</textcolor>
					<label>$INFO[Window.Property(TotalItems),[COLOR FF999999]Items:[/COLOR] ]$INFO[Window.Property(CurrentPage),[COLOR FF999999] - Page: [/COLOR]]$INFO[Window.Property(TotalPages), / ]  - $INFO[System.Time]</label>
					<visible>![ Window.IsActive(notification) | Window.IsActive(volumebar) | Control.IsVisible(881)| Window.IsActive(extendedprogressdialog) | Control.IsVisible(77551) | Control.IsVisible(88888) | Control.IsVisible(88883)]</visible>
				</control>
				<control type="label">
					<posx>470</posx>
					<posy>0</posy>
					<height>40</height>
					<aligny>center</aligny>
					<width>1200</width>
					<align>left</align>
					<textcolor>FFFFFFFF</textcolor>
					<label>$INFO[Window.Property(Filter_Label)]</label>
					<!---PHIL--->
					<animation type="Conditional" condition="!ControlGroup(9000).HasFocus + !Control.HasFocus(6000) + !Control.HasFocus(6001)">
					<!---PHIL--->
						<effect type="slide" end="-460" time="320" easing="in" tween="cubic" />
					</animation>
				</control>
			</control>
		</control>

		<!---control type="group">
			<animation type="Conditional" condition="!ControlGroup(9000).HasFocus + !Control.HasFocus(6000)">
				<effect type="slide" end="-460" time="320" easing="in" tween="cubic" />
			</animation>
			<posx>20</posx>
			<control type="image">
				<posx>-112</posx>
				<width>552</width>
				<height>1080</height>
				<texture colordiffuse="$INFO[Window(home).Property(ImageColor)]">common/context_middle.png</texture>
			</control>
			<control type="button" id="6000">
				<label>Search...</label>
				<posx>0</posx>
				<posy>40</posy>
				<width>400</width>
				<height>110</height>
				<textoffsetx>40</textoffsetx>
				<textoffsety>35</textoffsety>
				<textwidth>315</textwidth>
				<align>left</align>
				<aligny>top</aligny>
				<texturefocus border="40" colordiffuse="$INFO[Window(home).Property(ImageColor)]">common/roundedbutton-focus.png</texturefocus>
				<texturenofocus border="40" colordiffuse="$INFO[Window(home).Property(ImageColor)]">common/roundedbutton-nofocus.png</texturenofocus>
				<font>font13</font>
				<textcolor>FF999999</textcolor>
				<onup>5005</onup>
				<ondown>5007</ondown>
				<onright>500</onright>
				<onleft>500</onleft>
				<focusedcolor>FFFFFFFF</focusedcolor>
			</control>
			<control type="image">
				<posx>305</posx>
				<posy>70</posy>
				<width>45</width>
				<height>45</height>
				<align>center</align>
				<aligny>center</aligny>
				<aspectratio>keep</aspectratio>
				<texture colordiffuse="AAFFFFFF">icons/magnifier.png</texture>
			</control>
			<control type="grouplist" id="9000">
				<posy>250</posy>
				<width>400</width>
				<height>830</height>
				<orientation>vertical</orientation>
				<scroll>true</scroll>
				<itemgap>-23</itemgap>
				<onup>6000</onup>
				<ondown>6000</ondown>
				<onright>500</onright>
				<onleft>500</onleft>
				<onback>500</onback>
				<control type="button" id="5007">
					<label>Type:</label>
					<label2>[COLOR FFFFFFFF]$INFO[Window.Property(Type)][/COLOR]</label2>
					<width>400</width>
					<height>90</height>
					<textoffsetx>40</textoffsetx>
					<textoffsety>25</textoffsety>
					<textwidth>315</textwidth>
					<align>left</align>
					<aligny>top</aligny>
					<texturefocus border="40" colordiffuse="$INFO[Window(home).Property(ImageColor)]">common/roundedbutton-focus.png</texturefocus>
					<texturenofocus border="40" colordiffuse="$INFO[Window(home).Property(ImageColor)]">common/roundedbutton-nofocus.png</texturenofocus>
					<font>font13</font>
					<textcolor>FF999999</textcolor>
					<focusedcolor>FFFFFFFF</focusedcolor>
				</control>
				<control type="button" id="5001">
					<onup>6000</onup>
					<label>Sort by</label>
					<label2>[COLOR FFFFFFFF]$INFO[Window.Property(Sort_Label)][/COLOR]</label2>
					<width>400</width>
					<height>100</height>
					<textoffsetx>40</textoffsetx>
					<textoffsety>30</textoffsety>
					<textwidth>315</textwidth>
					<align>left</align>
					<aligny>top</aligny>
					<texturefocus border="40" colordiffuse="$INFO[Window(home).Property(ImageColor)]">common/roundedbutton-focus.png</texturefocus>
					<texturenofocus border="40" colordiffuse="$INFO[Window(home).Property(ImageColor)]">common/roundedbutton-nofocus.png</texturenofocus>
					<font>font13</font>
					<textcolor>FF999999</textcolor>
					<focusedcolor>FFFFFFFF</focusedcolor>
				</control>
				<control type="button" id="5004">
					<label>Order</label>
					<label2>[COLOR FFFFFFFF]$INFO[Window.Property(Order_Label)][/COLOR]</label2>
					<width>400</width>
					<height>100</height>
					<textoffsetx>40</textoffsetx>
					<textoffsety>30</textoffsety>
					<textwidth>315</textwidth>
					<align>left</align>
					<aligny>top</aligny>
					<texturefocus border="40" colordiffuse="$INFO[Window(home).Property(ImageColor)]">common/roundedbutton-focus.png</texturefocus>
					<texturenofocus border="40" colordiffuse="$INFO[Window(home).Property(ImageColor)]">common/roundedbutton-nofocus.png</texturenofocus>
					<font>font13</font>
					<textcolor>FF999999</textcolor>
					<focusedcolor>FFFFFFFF</focusedcolor>
				</control>
				<control type="label" id="5333">
					<label>Filters</label>
					<width>400</width>
					<height>75</height>
					<textoffsetx>25</textoffsetx>
					<textoffsety>25</textoffsety>
					<align>left</align>
					<aligny>top</aligny>
					<font>font13</font>
					<textcolor>FF999999</textcolor>
				</control>
				<control type="button" id="5002">
					<label>Genre</label>
					<width>400</width>
					<height>90</height>
					<textoffsetx>40</textoffsetx>
					<textoffsety>25</textoffsety>
					<textwidth>315</textwidth>
					<align>left</align>
					<aligny>top</aligny>
					<texturefocus border="40" colordiffuse="$INFO[Window(home).Property(ImageColor)]">common/roundedbutton-focus.png</texturefocus>
					<texturenofocus border="40" colordiffuse="$INFO[Window(home).Property(ImageColor)]">common/roundedbutton-nofocus.png</texturenofocus>
					<font>font13</font>
					<textcolor>FF999999</textcolor>
					<focusedcolor>FFFFFFFF</focusedcolor>
				</control>
				<control type="button" id="5003">
					<label>Release date</label>
					<width>400</width>
					<height>90</height>
					<textoffsetx>40</textoffsetx>
					<textoffsety>25</textoffsety>
					<textwidth>315</textwidth>
					<align>left</align>
					<aligny>top</aligny>
					<texturefocus border="40" colordiffuse="$INFO[Window(home).Property(ImageColor)]">common/roundedbutton-focus.png</texturefocus>
					<texturenofocus border="40" colordiffuse="$INFO[Window(home).Property(ImageColor)]">common/roundedbutton-nofocus.png</texturenofocus>
					<font>font13</font>
					<textcolor>FF999999</textcolor>
					<focusedcolor>FFFFFFFF</focusedcolor>
				</control>
				<control type="button" id="5006">
					<label>Certification</label>
					<width>400</width>
					<height>90</height>
					<textoffsetx>40</textoffsetx>
					<textoffsety>25</textoffsety>
					<textwidth>315</textwidth>
					<align>left</align>
					<aligny>top</aligny>
					<texturefocus border="40" colordiffuse="$INFO[Window(home).Property(ImageColor)]">common/roundedbutton-focus.png</texturefocus>
					<texturenofocus border="40" colordiffuse="$INFO[Window(home).Property(ImageColor)]">common/roundedbutton-nofocus.png</texturenofocus>
					<font>font13</font>
					<textcolor>FF999999</textcolor>
					<focusedcolor>FFFFFFFF</focusedcolor>
				</control>
				<control type="button" id="5008">
					<label>Actor / Crew member</label>
					<width>400</width>
					<height>90</height>
					<textoffsetx>40</textoffsetx>
					<textoffsety>25</textoffsety>
					<textwidth>315</textwidth>
					<align>left</align>
					<aligny>top</aligny>
					<texturefocus border="40" colordiffuse="$INFO[Window(home).Property(ImageColor)]">common/roundedbutton-focus.png</texturefocus>
					<texturenofocus border="40" colordiffuse="$INFO[Window(home).Property(ImageColor)]">common/roundedbutton-nofocus.png</texturenofocus>
					<font>font13</font>
					<textcolor>FF999999</textcolor>
					<focusedcolor>FFFFFFFF</focusedcolor>
				</control>
				<control type="button" id="5009">
					<label>Keyword</label>
					<width>400</width>
					<height>90</height>
					<textoffsetx>40</textoffsetx>
					<textoffsety>25</textoffsety>
					<textwidth>315</textwidth>
					<align>left</align>
					<aligny>top</aligny>
					<texturefocus border="40" colordiffuse="$INFO[Window(home).Property(ImageColor)]">common/roundedbutton-focus.png</texturefocus>
					<texturenofocus border="40" colordiffuse="$INFO[Window(home).Property(ImageColor)]">common/roundedbutton-nofocus.png</texturenofocus>
					<font>font13</font>
					<textcolor>FF999999</textcolor>
					<focusedcolor>FFFFFFFF</focusedcolor>
				</control>
				<control type="button" id="5010">
					<label>Studio</label>
					<width>400</width>
					<height>90</height>
					<textoffsetx>40</textoffsetx>
					<textoffsety>25</textoffsety>
					<textwidth>315</textwidth>
					<align>left</align>
					<aligny>top</aligny>
					<texturefocus border="40" colordiffuse="$INFO[Window(home).Property(ImageColor)]">common/roundedbutton-focus.png</texturefocus>
					<texturenofocus border="40" colordiffuse="$INFO[Window(home).Property(ImageColor)]">common/roundedbutton-nofocus.png</texturenofocus>
					<font>font13</font>
					<textcolor>FF999999</textcolor>
					<focusedcolor>FFFFFFFF</focusedcolor>
				</control>
				<control type="button" id="5012">
					<label>Vote count</label>
					<width>400</width>
					<height>90</height>
					<textoffsetx>40</textoffsetx>
					<textoffsety>25</textoffsety>
					<textwidth>315</textwidth>
					<align>left</align>
					<aligny>top</aligny>
					<texturefocus border="40" colordiffuse="$INFO[Window(home).Property(ImageColor)]">common/roundedbutton-focus.png</texturefocus>
					<texturenofocus border="40" colordiffuse="$INFO[Window(home).Property(ImageColor)]">common/roundedbutton-nofocus.png</texturenofocus>
					<font>font13</font>
					<textcolor>FF999999</textcolor>
					<focusedcolor>FFFFFFFF</focusedcolor>
				</control>

				<control type="button" id="5014">
					<label>IMDB_Lists</label>
					<width>400</width>
					<height>90</height>
					<textoffsetx>40</textoffsetx>
					<textoffsety>25</textoffsety>
					<textwidth>315</textwidth>
					<align>left</align>
					<aligny>top</aligny>
					<texturefocus border="40" colordiffuse="$INFO[Window(home).Property(ImageColor)]">common/roundedbutton-focus.png</texturefocus>
					<texturenofocus border="40" colordiffuse="$INFO[Window(home).Property(ImageColor)]">common/roundedbutton-nofocus.png</texturenofocus>
					<font>font13</font>
					<textcolor>FF999999</textcolor>
					<focusedcolor>FFFFFFFF</focusedcolor>
				</control>

				<control type="button" id="5015">
					<label>Trakt_Stuff</label>
					<width>400</width>
					<height>90</height>
					<textoffsetx>40</textoffsetx>
					<textoffsety>25</textoffsety>
					<textwidth>315</textwidth>
					<align>left</align>
					<aligny>top</aligny>
					<texturefocus border="40" colordiffuse="$INFO[Window(home).Property(ImageColor)]">common/roundedbutton-focus.png</texturefocus>
					<texturenofocus border="40" colordiffuse="$INFO[Window(home).Property(ImageColor)]">common/roundedbutton-nofocus.png</texturenofocus>
					<font>font13</font>
					<textcolor>FF999999</textcolor>
					<focusedcolor>FFFFFFFF</focusedcolor>
				</control>

				<control type="button" id="5016">
					<label>Plugin Routes</label>
					<width>400</width>
					<height>90</height>
					<textoffsetx>40</textoffsetx>
					<textoffsety>25</textoffsety>
					<textwidth>315</textwidth>
					<align>left</align>
					<aligny>top</aligny>
					<texturefocus border="40" colordiffuse="$INFO[Window(home).Property(ImageColor)]">common/roundedbutton-focus.png</texturefocus>
					<texturenofocus border="40" colordiffuse="$INFO[Window(home).Property(ImageColor)]">common/roundedbutton-nofocus.png</texturenofocus>
					<font>font13</font>
					<textcolor>FF999999</textcolor>
					<focusedcolor>FFFFFFFF</focusedcolor>
				</control>

				<control type="button" id="5005">
					<visible>!String.IsEmpty(Window.Property(Filter_Label))</visible>
					<label>Edit Filters</label>
					<width>400</width>
					<height>90</height>
					<textoffsetx>40</textoffsetx>
					<textoffsety>25</textoffsety>
					<textwidth>315</textwidth>
					<align>left</align>
					<aligny>top</aligny>
					<texturefocus border="40" colordiffuse="$INFO[Window(home).Property(ImageColor)]">common/roundedbutton-focus.png</texturefocus>
					<texturenofocus border="40" colordiffuse="$INFO[Window(home).Property(ImageColor)]">common/roundedbutton-nofocus.png</texturenofocus>
					<font>font13</font>
					<textcolor>FF999999</textcolor>
					<focusedcolor>FFFFFFFF</focusedcolor>
					<ondown>6000</ondown>
				</control>
			</control>
		</control--->

		<control type="group">
			<animation type="Conditional" condition="!ControlGroup(9000).HasFocus + !Control.HasFocus(6001) + !Control.HasFocus(7000)">
				<effect type="slide" end="-438" time="320" easing="in" tween="cubic" />
			</animation>
			<animation effect="slide" start="0" end="-460" time="320" tween="cubic">WindowClose</animation>
			<control type="image">
				<left>-112</left>
				<width>550</width>
				<height>1080</height>
				<texture colordiffuse="FF12B2E7">lists/panel.png</texture>
			</control>
			<control type="button" id="6001">
				<label>$LOCALIZE[19140]</label>
				<left>0</left>
				<top>40</top>
				<width>438</width>
				<height>100</height>
				<textoffsetx>30</textoffsetx>
				<textoffsety>35</textoffsety>
				<textwidth>315</textwidth>
				<align>left</align>
				<aligny>top</aligny>
				<texturefocus colordiffuse="FF12B2E7">lists/focus.png</texturefocus>
				<texturenofocus />
				<font>font12</font>
				<textcolor>FF999999</textcolor>
				<ondown>SetFocus(7000)</ondown>
				<onright>500</onright>
				<onleft>500</onleft>
				<focusedcolor>FFFAFAFA</focusedcolor>
			</control>
			<control type="image">
				<left>305</left>
				<top>70</top>
				<width>45</width>
				<height>45</height>
				<align>center</align>
				<aligny>center</aligny>
				<aspectratio>keep</aspectratio>
				<texture colordiffuse="AAFFFFFF">icons/magnifier.png</texture>
			</control>
			<control type="radiobutton" id="7000">
				<left>0</left>
				<top>135</top>
				<width>438</width>
				<height>100</height>
				<align>left</align>
				<aligny>center</aligny>
				<ondown>9000</ondown>
				<onup>6001</onup>
				<onright>500</onright>
				<onleft>500</onleft>
				<textoffsetx>30</textoffsetx>
				<textoffsety>25</textoffsety>
				<font>font12</font>
				<textwidth>315</textwidth>
				<label>My account</label>
				<textcolor>FF999999</textcolor>
				<focusedcolor>FFFAFAFA</focusedcolor>
				<radiowidth>90</radiowidth>
				<radioheight>60</radioheight>
				<radioposx>288</radioposx>
				<texturefocus colordiffuse="FF12B2E7">lists/focus.png</texturefocus>
				<texturenofocus />
				<textureradioonfocus>common/youtube.png</textureradioonfocus>
				<textureradioofffocus>common/youtube.png</textureradioofffocus>
				<textureradioonnofocus>common/youtube.png</textureradioonnofocus>
				<textureradiooffnofocus>common/youtube.png</textureradiooffnofocus>
			</control>
			<control type="grouplist" id="9000">
				<top>250</top>
				<width>438</width>
				<height>830</height>
				<orientation>vertical</orientation>
				<scroll>true</scroll>
				<onup>7000</onup>
				<ondown>9000</ondown>
				<onright>500</onright>
				<onleft>500</onleft>
				<onback>500</onback>
				<control type="button" id="5007">
					<label>List $LOCALIZE[467]:</label>
					<label2>[COLOR FFFAFAFA]$INFO[Window.Property(Type)][/COLOR]</label2>
					<width>438</width>
					<height>70</height>
					<textoffsetx>30</textoffsetx>
					<textwidth>315</textwidth>
					<align>left</align>
					<aligny>center</aligny>
					<texturefocus colordiffuse="FF12B2E7">lists/focus.png</texturefocus>
					<texturenofocus border="20">lists/separator.png</texturenofocus>
					<font>font12</font>
					<textcolor>FF999999</textcolor>
					<focusedcolor>FFFAFAFA</focusedcolor>
				</control>
				<control type="button" id="5001">
					<onup>6001</onup>
					<label>Sort By</label>
					<label2>[COLOR FFFAFAFA]$INFO[Window.Property(Sort_Label)][/COLOR]</label2>
					<width>438</width>
					<height>70</height>
					<textoffsetx>30</textoffsetx>
					<textwidth>315</textwidth>
					<align>left</align>
					<aligny>center</aligny>
					<texturefocus colordiffuse="FF12B2E7">lists/focus.png</texturefocus>
					<texturenofocus border="20">lists/separator.png</texturenofocus>
					<font>font12</font>
					<textcolor>FF999999</textcolor>
					<focusedcolor>FFFAFAFA</focusedcolor>
				</control>
				<control type="label" id="5333">
					<label>Filters</label>
					<width>438</width>
					<height>120</height>
					<textoffsetx>25</textoffsetx>
					<textoffsety>55</textoffsety>
					<align>left</align>
					<aligny>top</aligny>
					<font>font12</font>
					<textcolor>FF999999</textcolor>
				</control>
				<control type="button" id="5002">
					<label>$LOCALIZE[172]</label>
					<width>438</width>
					<height>60</height>
					<textoffsetx>30</textoffsetx>
					<textwidth>315</textwidth>
					<align>left</align>
					<aligny>center</aligny>
					<texturefocus colordiffuse="FF12B2E7">lists/focus.png</texturefocus>
					<texturenofocus border="20">lists/separator.png</texturenofocus>
					<font>font12</font>
					<textcolor>FF999999</textcolor>
					<focusedcolor>FFFAFAFA</focusedcolor>
				</control>
				<control type="button" id="5003">
					<label>$LOCALIZE[248]</label>
					<width>438</width>
					<height>60</height>
					<textoffsetx>30</textoffsetx>
					<textwidth>315</textwidth>
					<align>left</align>
					<aligny>center</aligny>
					<texturefocus colordiffuse="FF12B2E7">lists/focus.png</texturefocus>
					<texturenofocus border="20">lists/separator.png</texturenofocus>
					<font>font12</font>
					<textcolor>FF999999</textcolor>
					<focusedcolor>FFFAFAFA</focusedcolor>
				</control>
				<control type="button" id="5006">
					<label>2D / 3D</label>
					<width>438</width>
					<height>60</height>
					<textoffsetx>30</textoffsetx>
					<textwidth>315</textwidth>
					<align>left</align>
					<aligny>center</aligny>
					<texturefocus colordiffuse="FF12B2E7">lists/focus.png</texturefocus>
					<texturenofocus border="20">lists/separator.png</texturenofocus>
					<font>font12</font>
					<textcolor>FF999999</textcolor>
					<focusedcolor>FFFAFAFA</focusedcolor>
				</control>
				<control type="button" id="5008">
					<label>$LOCALIZE[180]</label>
					<width>438</width>
					<height>60</height>
					<textoffsetx>30</textoffsetx>
					<textwidth>315</textwidth>
					<align>left</align>
					<aligny>center</aligny>
					<texturefocus colordiffuse="FF12B2E7">lists/focus.png</texturefocus>
					<texturenofocus border="20">lists/separator.png</texturenofocus>
					<font>font12</font>
					<textcolor>FF999999</textcolor>
					<focusedcolor>FFFAFAFA</focusedcolor>
				</control>
				<control type="button" id="5009">
					<label>$LOCALIZE[287]</label>
					<width>438</width>
					<height>60</height>
					<textoffsetx>30</textoffsetx>
					<textwidth>315</textwidth>
					<align>left</align>
					<aligny>center</aligny>
					<texturefocus colordiffuse="FF12B2E7">lists/focus.png</texturefocus>
					<texturenofocus border="20">lists/separator.png</texturenofocus>
					<font>font12</font>
					<textcolor>FF999999</textcolor>
					<focusedcolor>FFFAFAFA</focusedcolor>
				</control>
				<control type="button" id="5012">
					<label>$LOCALIZE[169]</label>
					<width>438</width>
					<height>60</height>
					<textoffsetx>30</textoffsetx>
					<textwidth>315</textwidth>
					<align>left</align>
					<aligny>center</aligny>
					<texturefocus colordiffuse="FF12B2E7">lists/focus.png</texturefocus>
					<texturenofocus border="20">lists/separator.png</texturenofocus>
					<font>font12</font>
					<textcolor>FF999999</textcolor>
					<focusedcolor>FFFAFAFA</focusedcolor>
				</control>
				<control type="button" id="5013">
					<label>$LOCALIZE[564]</label>
					<width>438</width>
					<height>60</height>
					<textoffsetx>30</textoffsetx>
					<textwidth>315</textwidth>
					<align>left</align>
					<aligny>center</aligny>
					<texturefocus colordiffuse="FF12B2E7">lists/focus.png</texturefocus>
					<texturenofocus border="20">lists/separator.png</texturenofocus>
					<font>font12</font>
					<textcolor>FF999999</textcolor>
					<focusedcolor>FFFAFAFA</focusedcolor>
				</control>
				<control type="button" id="5005">
					<label>Clear filters</label>
					<width>438</width>
					<height>60</height>
					<textoffsetx>30</textoffsetx>
					<textwidth>315</textwidth>
					<align>left</align>
					<aligny>center</aligny>
					<texturefocus colordiffuse="FF12B2E7">lists/focus.png</texturefocus>
					<texturenofocus border="20">lists/separator.png</texturenofocus>
					<font>font12</font>
					<textcolor>FF999999</textcolor>
					<focusedcolor>FFFAFAFA</focusedcolor>
				</control>
			</control>
		</control>

	</controls>
</window>